Workbook

Sheet OVERSIKT
B2: Sporoversikt – Status og fremdrift
B4: Beskrivelse: Dette dokumentet har som formål å vise hvilke skinneganger som er blitt inspisert. Hvert enklet spor har sin egen side som skal bli fulgt opp etterhver som de blir inspisert. Strekkene er indelt i stationer og relevante veksler er også inkludert. Etterhvert som skinnegangen og vekslene blir innspisert skal status endres fra "Nei" til "Ja", prosent andelen av seksjonen inspisert vil da kalkuleres. Noe av distansene er unøyaktige ettersom det er delvis hentet fra linjekart der enkelte antagelser må gjøres, avstanden er avundet til nærmeste tiende og differansen i avstand basert på om man er på inn eller ut sporet er ikke tatt i betraktning. Dette er gjort ettersom det ikke har noe hensikt basert på hvordan inspeksjonen utføres.
B11: Revisjon | C11: Rev | D11: Sist oppdatert | E11: =TODAY() -> 46069 | F11: Dokument ansvarlig | G11: Tobias Magnus
B12: Relevante baner for årets inspeksjon er:
B14: Oppsummert status per bane
B15: Bane | C15: Total ferdigstillelse | D15: Inngående spor | E15: Utgående spor
B16: Holmenkollbanen | C16: =IFERROR(AVERAGE(D16,E16),0) -> 0 | D16: =IFERROR(HOLMENKOLLBANEN!J5,0) -> 0 | E16: =IFERROR(HOLMENKOLLBANEN!J7,0) -> 0
B17: Sognsvannsbanen | C17: =IFERROR(AVERAGE(D17,E17),0) -> 0 | D17: =IFERROR(SOGNSVANNSBANEN!J5,0) -> 0 | E17: =IFERROR(SOGNSVANNSBANEN!J7,0) -> 0
B18: Røabanen | C18: =IFERROR(AVERAGE(D18,E18),0) -> 0 | D18: =IFERROR(RØABANEN!J5,0) -> 0 | E18: =IFERROR(RØABANEN!J7,0) -> 0
B19: Kolsåsbanen | C19: =IFERROR(AVERAGE(D19,E19),0) -> 0 | D19: =IFERROR(KOLSÅSBANEN!J5,0) -> 0 | E19: =IFERROR(KOLSÅSBANEN!J7,0) -> 0
B20: Grorudbanen | C20: =IFERROR(AVERAGE(D20,E20),0) -> 0 | D20: =IFERROR(GRORUDBANEN!J5,0) -> 0 | E20: =IFERROR(GRORUDBANEN!J7,0) -> 0
B21: Furusetbanen | C21: =IFERROR(AVERAGE(D21,E21),0) -> 0 | D21: =IFERROR(FURUSETBANEN!J5,0) -> 0 | E21: =IFERROR(FURUSETBANEN!J7,0) -> 0
B22: Østensjøbanen | C22: =IFERROR(AVERAGE(D22,E22),0) -> 0 | D22: =IFERROR(ØSTENSJØBANEN!J5,0) -> 0 | E22: =IFERROR(ØSTENSJØBANEN!J7,0) -> 0
B23: Lamberseterbanen | C23: =IFERROR(AVERAGE(D23,E23),0) -> 0 | D23: =IFERROR(LAMBERSETERBANEN!J5,0) -> 0 | E23: =IFERROR(LAMBERSETERBANEN!J7,0) -> 0
B24: Lørenbanen | C24: =IFERROR(AVERAGE(D24,E24),0) -> 0 | D24: =IFERROR(LØRENBANEN!J5,0) -> 0 | E24: =IFERROR(LØRENBANEN!J7,0) -> 0
B25: Centrumsbanen | C25: =IFERROR(AVERAGE(D25,E25),0) -> 0 | D25: =IFERROR(CENTRUMSBANEN!J5,0) -> 0 | E25: =IFERROR(CENTRUMSBANEN!J7,0) -> 0

Sheet KART
B2: Kart over samtlige av sporveiens baner

Sheet SKIFTRAPPORT
A1: AXESS – Skiftrapport
A2: Kunde: | B2: Sporveien | C2: Prosjektnummer: | D2: 252904-13 | E2: #VALUE!
A3: Installasjon: | B3: Oslo T-bane | C3: Prosjekttittel: | D3: Sporveien 2025/2026
A4: Fra: | C4: PO nummer: | D4: TBC
A5: Til:
A6: Kopi:
A7: =TODAY() -> 46069
A8: HMS:
A10: Utført arbeid i dag:
A13: Planlagt arbeid for neste skift:
A15: Resultater:
A17: Fremdrift og status:
A18: Bane | B18: Progress (%) | C18: Distanse gått (km) | D18: Total distanse (km) | E18: Omfang for kampanje
A19: Holmenkollbanen | B19: =HOLMENKOLLBANEN!$J$3 -> 0 | C19: =HOLMENKOLLBANEN!$J$9 -> 0 | D19: =HOLMENKOLLBANEN!$J$11 -> 22.92
A20: Sognsvannsbanen | B20: =SOGNSVANNSBANEN!$J$3 -> 0 | C20: =SOGNSVANNSBANEN!$J$9 -> 0 | D20: =SOGNSVANNSBANEN!$J$11 -> 6.26
A21: Røabanen | B21: =RØABANEN!$J$3 -> 0 | C21: =RØABANEN!$J$9 -> 0 | D21: =RØABANEN!$J$11 -> 14.572
A22: Kolsåsbanen | B22: =KOLSÅSBANEN!$J$3 -> 0 | C22: =KOLSÅSBANEN!$J$9 -> 0 | D22: =KOLSÅSBANEN!$J$11 -> 23.62
A23: Grorudbanen | B23: =GRORUDBANEN!$J$3 -> 0 | C23: =GRORUDBANEN!$J$9 -> 0 | D23: =GRORUDBANEN!$J$11 -> 26.04
A24: Furusetbanen | B24: =FURUSETBANEN!$J$3 -> 0 | C24: =FURUSETBANEN!$J$9 -> 0 | D24: =FURUSETBANEN!$J$11 -> 12.72
A25: Østensjøbanen | B25: =ØSTENSJØBANEN!$J$3 -> 0 | C25: =ØSTENSJØBANEN!$J$9 -> 0 | D25: =ØSTENSJØBANEN!$J$11 -> 19.42
A26: Lamberseterbanen | B26: =LAMBERSETERBANEN!$J$3 -> 0 | C26: =LAMBERSETERBANEN!$J$9 -> 0 | D26: =LAMBERSETERBANEN!$J$11 -> 22.4
A27: Lørenbanen | B27: =LØRENBANEN!$J$3 -> 0 | C27: =LØRENBANEN!$J$9 -> 0 | D27: =LØRENBANEN!$J$11 -> 3.294
A28: Centrumsbanen | B28: =CENTRUMSBANEN!$J$3 -> 0 | C28: =CENTRUMSBANEN!$J$9 -> 0 | D28: =CENTRUMSBANEN!$J$11 -> 19.48
A29: Totalt | B29: =IFERROR(ROUND(SUMPRODUCT(B19:B28,D19:D28)/SUM(D19:D28),0),ROUND(AVERAGE(B19:B28),0)) -> 0 | C29: =ROUND(SUM(C19:C28),1) -> 0 | D29: =ROUND(SUM(D19:D28),1) -> 170.7
A30: Mobilisert personell
A31: Navn | C31: Dato mobilisert | D31: Planlagt demobilisering
A34: Diverse:
A36: Timer i dag / totalt: | B36: 0 / 710 | C36: Overtid i dag / totalt: | D36: 0 / 10 | E36: Avtalt med kunde:

Sheet HOLMENKOLLBANEN
A1: Holmenkollen | B1: Inngående sport | E1: Utgående sport
A2: Navn | B2: Meter fra Nationaltheatret | C2: Ferdig1 | D2: % Ferdig1 | E2: Ferdig2 | F2: % Ferdig2 | G2: Meter mellom objekter | H2: Kommentar | I2: Signert | J2: Total prosent ferdig
A3: H1371 | B3: 14000 | C3: Nei | D3: 0 | E3: Nei | F3: 0 | G3: 0 | J3: =(J5+J7)/2 -> 0
A4: Frognerseteren | B4: 13560 | C4: Nei | D4: =IF(OR(C4="JA",C4="Ikke Planlagt"),G4/((MAX(B:B)-MIN(B:B))*2),0) -> 0 | E4: Nei | F4: =IF(OR(E4="JA",E4="Ikke Planlagt"),G4/((MAX(B:B)-MIN(B:B))*2),0) -> 0 | G4: =B3-B4 -> 440 | J4: Total prosent inn
A5: H1305 | B5: 13000 | C5: Nei | D5: =IF(OR(C5="JA",C5="Ikke Planlagt"),G5/((MAX(B:B)-MIN(B:B))*2),0) -> 0 | E5: Nei | F5: =IF(OR(E5="JA",E5="Ikke Planlagt"),G5/((MAX(B:B)-MIN(B:B))*2),0) -> 0 | G5: =B4-B5 -> 560 | J5: =SUM(D3:D100)*2 -> 0
A6: Voksenkollen | B6: 12960 | C6: Nei | D6: =IF(OR(C6="JA",C6="Ikke Planlagt"),G6/((MAX(B:B)-MIN(B:B))*2),0) -> 0 | E6: Nei | F6: =IF(OR(E6="JA",E6="Ikke Planlagt"),G6/((MAX(B:B)-MIN(B:B))*2),0) -> 0 | G6: =B5-B6 -> 40 | J6: Total prosent ut
A7: Lillevann | B7: 11980 | C7: Nei | D7: =IF(OR(C7="JA",C7="Ikke Planlagt"),G7/((MAX(B:B)-MIN(B:B))*2),0) -> 0 | E7: Nei | F7: =IF(OR(E7="JA",E7="Ikke Planlagt"),G7/((MAX(B:B)-MIN(B:B))*2),0) -> 0 | G7: =B6-B7 -> 980 | J7: =SUM(F3:F100)*2 -> 0
A8: Skogen | B8: 11190 | C8: Nei | D8: =IF(OR(C8="JA",C8="Ikke Planlagt"),G8/((MAX(B:B)-MIN(B:B))*2),0) -> 0 | E8: Nei | F8: =IF(OR(E8="JA",E8="Ikke Planlagt"),G8/((MAX(B:B)-MIN(B:B))*2),0) -> 0 | G8: =B7-B8 -> 790 | J8: Total km gått
A9: H1111 | B9: 11060 | C9: Nei | D9: =IF(OR(C9="JA",C9="Ikke Planlagt"),G9/((MAX(B:B)-MIN(B:B))*2),0) -> 0 | E9: Nei | F9: =IF(OR(E9="JA",E9="Ikke Planlagt"),G9/((MAX(B:B)-MIN(B:B))*2),0) -> 0 | G9: =B8-B9 -> 130 | J9: =(J5+J7)*J11/2 -> 0
A10: Voksenlia | B10: 10140 | C10: Nei | D10: =IF(OR(C10="JA",C10="Ikke Planlagt"),G10/((MAX(B:B)-MIN(B:B))*2),0) -> 0 | E10: Nei | F10: =IF(OR(E10="JA",E10="Ikke Planlagt"),G10/((MAX(B:B)-MIN(B:B))*2),0) -> 0 | G10: =B9-B10 -> 920 | J10: Total km
A11: H0930 | B11: 9350 | C11: Nei | D11: =IF(OR(C11="JA",C11="Ikke Planlagt"),G11/((MAX(B:B)-MIN(B:B))*2),0) -> 0 | E11: Nei | F11: =IF(OR(E11="JA",E11="Ikke Planlagt"),G11/((MAX(B:B)-MIN(B:B))*2),0) -> 0 | G11: =B10-B11 -> 790 | J11: =2*(MAX(B:B)-MIN(B:B))/1000 -> 22.92
A12: Holmenkollen | B12: 9060 | C12: Nei | D12: =IF(OR(C12="JA",C12="Ikke Planlagt"),G12/((MAX(B:B)-MIN(B:B))*2),0) -> 0 | E12: Nei | F12: =IF(OR(E12="JA",E12="Ikke Planlagt"),G12/((MAX(B:B)-MIN(B:B))*2),0) -> 0 | G12: =B11-B12 -> 290
A13: H0903 | B13: 9020 | C13: Nei | D13: =IF(OR(C13="JA",C13="Ikke Planlagt"),G13/((MAX(B:B)-MIN(B:B))*2),0) -> 0 | E13: Nei | F13: =IF(OR(E13="JA",E13="Ikke Planlagt"),G13/((MAX(B:B)-MIN(B:B))*2),0) -> 0 | G13: =B12-B13 -> 40
A14: H0894 | B14: 8940 | C14: Nei | D14: =IF(OR(C14="JA",C14="Ikke Planlagt"),G14/((MAX(B:B)-MIN(B:B))*2),0) -> 0 | E14: Nei | F14: =IF(OR(E14="JA",E14="Ikke Planlagt"),G14/((MAX(B:B)-MIN(B:B))*2),0) -> 0 | G14: =B13-B14 -> 80
A15: Besserud | B15: 8330 | C15: Nei | D15: =IF(OR(C15="JA",C15="Ikke Planlagt"),G15/((MAX(B:B)-MIN(B:B))*2),0) -> 0 | E15: Nei | F15: =IF(OR(E15="JA",E15="Ikke Planlagt"),G15/((MAX(B:B)-MIN(B:B))*2),0) -> 0 | G15: =B14-B15 -> 610
A16: Midtstuen | B16: 7680 | C16: Nei | D16: =IF(OR(C16="JA",C16="Ikke Planlagt"),G16/((MAX(B:B)-MIN(B:B))*2),0) -> 0 | E16: Nei | F16: =IF(OR(E16="JA",E16="Ikke Planlagt"),G16/((MAX(B:B)-MIN(B:B))*2),0) -> 0 | G16: =B15-B16 -> 650
A17: Skådalen | B17: 7160 | C17: Nei | D17: =IF(OR(C17="JA",C17="Ikke Planlagt"),G17/((MAX(B:B)-MIN(B:B))*2),0) -> 0 | E17: Nei | F17: =IF(OR(E17="JA",E17="Ikke Planlagt"),G17/((MAX(B:B)-MIN(B:B))*2),0) -> 0 | G17: =B16-B17 -> 520
A18: Vettakollen | B18: 6760 | C18: Nei | D18: =IF(OR(C18="JA",C18="Ikke Planlagt"),G18/((MAX(B:B)-MIN(B:B))*2),0) -> 0 | E18: Nei | F18: =IF(OR(E18="JA",E18="Ikke Planlagt"),G18/((MAX(B:B)-MIN(B:B))*2),0) -> 0 | G18: =B17-B18 -> 400
A19: H0671 | B19: 6700 | C19: Nei | D19: =IF(OR(C19="JA",C19="Ikke Planlagt"),G19/((MAX(B:B)-MIN(B:B))*2),0) -> 0 | E19: Nei | F19: =IF(OR(E19="JA",E19="Ikke Planlagt"),G19/((MAX(B:B)-MIN(B:B))*2),0) -> 0 | G19: =B18-B19 -> 60
A20: H0664 | B20: 6630 | C20: Nei | D20: =IF(OR(C20="JA",C20="Ikke Planlagt"),G20/((MAX(B:B)-MIN(B:B))*2),0) -> 0 | E20: Nei | F20: =IF(OR(E20="JA",E20="Ikke Planlagt"),G20/((MAX(B:B)-MIN(B:B))*2),0) -> 0 | G20: =B19-B20 -> 70
A21: Gulleråsen | B21: 6280 | C21: Nei | D21: =IF(OR(C21="JA",C21="Ikke Planlagt"),G21/((MAX(B:B)-MIN(B:B))*2),0) -> 0 | E21: Nei | F21: =IF(OR(E21="JA",E21="Ikke Planlagt"),G21/((MAX(B:B)-MIN(B:B))*2),0) -> 0 | G21: =B20-B21 -> 350
A22: Gråkammen | B22: 5900 | C22: Nei | D22: =IF(OR(C22="JA",C22="Ikke Planlagt"),G22/((MAX(B:B)-MIN(B:B))*2),0) -> 0 | E22: Nei | F22: =IF(OR(E22="JA",E22="Ikke Planlagt"),G22/((MAX(B:B)-MIN(B:B))*2),0) -> 0 | G22: =B21-B22 -> 380
A23: Slemdal | B23: 5210 | C23: Nei | D23: =IF(OR(C23="JA",C23="Ikke Planlagt"),G23/((MAX(B:B)-MIN(B:B))*2),0) -> 0 | E23: Nei | F23: =IF(OR(E23="JA",E23="Ikke Planlagt"),G23/((MAX(B:B)-MIN(B:B))*2),0) -> 0 | G23: =B22-B23 -> 690
... A32: Frøen | B32: 2540 | C32: Nei | D32: =IF(OR(C32="JA",C32="Ikke Planlagt"),G32/((MAX(B:B)-MIN(B:B))*2),0) -> 0 | E32: Nei | F32: =IF(OR(E32="JA",E32="Ikke Planlagt"),G32/((MAX(B:B)-MIN(B:B))*2),0) -> 0 | G32: =B31-B32 -> 390

Sheet SOGNSVANNSBANEN
A1: Sognsvannbannen | B1: Inngående sport | E1: Utgående sport
A2: Navn | B2: Meter fra Nationaltheatret | C2: Ferdig1 | D2: % Ferdig1 | E2: Ferdig2 | F2: % Ferdig2 | G2: Meter mellom objekter | H2: Kommentar | I2: Signert | J2: Total prosent ferdig
A3: Sognsvann | B3: 8030 | C3: Nei | D3: 0 | E3: Nei | F3: 0 | G3: 0 | J3: =(J5+J7)/2 -> 0
A4: S0798/S0803 | B4: 8010 | C4: Nei | D4: =IF(OR(C4="JA",C4="Ikke Planlagt"),G4/((MAX(B:B)-MIN(B:B))*2),0) -> 0 | E4: Nei | F4: =IF(OR(E4="JA",E4="Ikke Planlagt"),G4/((MAX(B:B)-MIN(B:B))*2),0) -> 0 | G4: =B3-B4 -> 20 | J4: Total prosent inn
A5: S0795/S0792 | B5: 7920 | C5: Nei | D5: =IF(OR(C5="JA",C5="Ikke Planlagt"),G5/((MAX(B:B)-MIN(B:B))*2),0) -> 0 | E5: Nei | F5: =IF(OR(E5="JA",E5="Ikke Planlagt"),G5/((MAX(B:B)-MIN(B:B))*2),0) -> 0 | G5: =B4-B5 -> 90 | J5: =SUM(D3:D100)*2 -> 0
A6: Kringsjå | B6: 7620 | C6: Nei | D6: =IF(OR(C6="JA",C6="Ikke Planlagt"),G6/((MAX(B:B)-MIN(B:B))*2),0) -> 0 | E6: Nei | F6: =IF(OR(E6="JA",E6="Ikke Planlagt"),G6/((MAX(B:B)-MIN(B:B))*2),0) -> 0 | G6: =B5-B6 -> 300 | J6: Total prosent ut
A7: Holstein | B7: 7090 | C7: Nei | D7: =IF(OR(C7="JA",C7="Ikke Planlagt"),G7/((MAX(B:B)-MIN(B:B))*2),0) -> 0 | E7: Nei | F7: =IF(OR(E7="JA",E7="Ikke Planlagt"),G7/((MAX(B:B)-MIN(B:B))*2),0) -> 0 | G7: =B6-B7 -> 530 | J7: =SUM(F3:F100)*2 -> 0
A8: Østhorn | B8: 6440 | C8: Nei | D8: =IF(OR(C8="JA",C8="Ikke Planlagt"),G8/((MAX(B:B)-MIN(B:B))*2),0) -> 0 | E8: Nei | F8: =IF(OR(E8="JA",E8="Ikke Planlagt"),G8/((MAX(B:B)-MIN(B:B))*2),0) -> 0 | G8: =B7-B8 -> 650 | J8: Total km gått
A9: S0623/S0614 | B9: 6190 | C9: Nei | D9: =IF(OR(C9="JA",C9="Ikke Planlagt"),G9/((MAX(B:B)-MIN(B:B))*2),0) -> 0 | E9: Nei | F9: =IF(OR(E9="JA",E9="Ikke Planlagt"),G9/((MAX(B:B)-MIN(B:B))*2),0) -> 0 | G9: =B8-B9 -> 250 | J9: =(J5+J7)*J11/2 -> 0
A10: Tåsen | B10: 6060 | C10: Nei | D10: =IF(OR(C10="JA",C10="Ikke Planlagt"),G10/((MAX(B:B)-MIN(B:B))*2),0) -> 0 | E10: Nei | F10: =IF(OR(E10="JA",E10="Ikke Planlagt"),G10/((MAX(B:B)-MIN(B:B))*2),0) -> 0 | G10: =B9-B10 -> 130 | J10: Total km
A11: Berg | B11: 5450 | C11: Nei | D11: =IF(OR(C11="JA",C11="Ikke Planlagt"),G11/((MAX(B:B)-MIN(B:B))*2),0) -> 0 | E11: Nei | F11: =IF(OR(E11="JA",E11="Ikke Planlagt"),G11/((MAX(B:B)-MIN(B:B))*2),0) -> 0 | G11: =B10-B11 -> 610 | J11: =2*(MAX(B:B)-MIN(B:B))/1000 -> 6.26
A12: C0491/C0490 | B12: 4900 | C12: Nei | D12: =IF(OR(C12="JA",C12="Ikke Planlagt"),G12/((MAX(B:B)-MIN(B:B))*2),0) -> 0 | E12: Nei | F12: =IF(OR(E12="JA",E12="Ikke Planlagt"),G12/((MAX(B:B)-MIN(B:B))*2),0) -> 0 | G12: =B11-B12 -> 550

Sheet RØABANEN
A1: Røabanen | B1: Inngående sport | E1: Utgående sport
A2: Navn | B2: Meter fra Nationaltheatret | C2: Ferdig1 | D2: % Ferdig1 | E2: Ferdig2 | F2: % Ferdig2 | G2: Meter mellom objekter | H2: Kommentar | I2: Signert | J2: Total prosent ferdig
A3: Østerås | B3: 9646 | C3: Nei | D3: 0 | E3: Nei | F3: 0 | G3: 0 | J3: =(J5+J7)/2 -> 0
A4: R0963 | B4: 9540 | C4: Nei | D4: =IF(OR(C4="JA",C4="Ikke Planlagt"),G4/((MAX(B:B)-MIN(B:B))*2),0) -> 0 | E4: Nei | F4: =IF(OR(E4="JA",E4="Ikke Planlagt"),G4/((MAX(B:B)-MIN(B:B))*2),0) -> 0 | G4: =B3-B4 -> 106 | J4: Total prosent inn
A5: R0940 | B5: 9420 | C5: Nei | D5: =IF(OR(C5="JA",C5="Ikke Planlagt"),G5/((MAX(B:B)-MIN(B:B))*2),0) -> 0 | E5: Nei | F5: =IF(OR(E5="JA",E5="Ikke Planlagt"),G5/((MAX(B:B)-MIN(B:B))*2),0) -> 0 | G5: =B4-B5 -> 120 | J5: =SUM(D3:D100)*2 -> 0
A6: Lijordet | B6: 9050 | C6: Nei | D6: =IF(OR(C6="JA",C6="Ikke Planlagt"),G6/((MAX(B:B)-MIN(B:B))*2),0) -> 0 | E6: Nei | F6: =IF(OR(E6="JA",E6="Ikke Planlagt"),G6/((MAX(B:B)-MIN(B:B))*2),0) -> 0 | G6: =B5-B6 -> 370 | J6: Total prosent ut
A7: Eiksmarka | B7: 8190 | C7: Nei | D7: =IF(OR(C7="JA",C7="Ikke Planlagt"),G7/((MAX(B:B)-MIN(B:B))*2),0) -> 0 | E7: Nei | F7: =IF(OR(E7="JA",E7="Ikke Planlagt"),G7/((MAX(B:B)-MIN(B:B))*2),0) -> 0 | G7: =B6-B7 -> 860 | J7: =SUM(F3:F100)*2 -> 0
A8: R0817 | B8: 8170 | C8: Nei | D8: =IF(OR(C8="JA",C8="Ikke Planlagt"),G8/((MAX(B:B)-MIN(B:B))*2),0) -> 0 | E8: Nei | F8: =IF(OR(E8="JA",E8="Ikke Planlagt"),G8/((MAX(B:B)-MIN(B:B))*2),0) -> 0 | G8: =B7-B8 -> 20 | J8: Total km gått
A9: R0806 | B9: 8100 | C9: Nei | D9: =IF(OR(C9="JA",C9="Ikke Planlagt"),G9/((MAX(B:B)-MIN(B:B))*2),0) -> 0 | E9: Nei | F9: =IF(OR(E9="JA",E9="Ikke Planlagt"),G9/((MAX(B:B)-MIN(B:B))*2),0) -> 0 | G9: =B8-B9 -> 70 | J9: =(J5+J7)*J11/2 -> 0
A10: Ekraveien | B10: 7180 | C10: Nei | D10: =IF(OR(C10="JA",C10="Ikke Planlagt"),G10/((MAX(B:B)-MIN(B:B))*2),0) -> 0 | E10: Nei | F10: =IF(OR(E10="JA",E10="Ikke Planlagt"),G10/((MAX(B:B)-MIN(B:B))*2),0) -> 0 | G10: =B9-B10 -> 920 | J10: Total km
A11: Røa | B11: 6670 | C11: Nei | D11: =IF(OR(C11="JA",C11="Ikke Planlagt"),G11/((MAX(B:B)-MIN(B:B))*2),0) -> 0 | E11: Nei | F11: =IF(OR(E11="JA",E11="Ikke Planlagt"),G11/((MAX(B:B)-MIN(B:B))*2),0) -> 0 | G11: =B10-B11 -> 510 | J11: =2*(MAX(B:B)-MIN(B:B))/1000 -> 14.572
A12: R0633 | B12: 6280 | C12: Nei | D12: =IF(OR(C12="JA",C12="Ikke Planlagt"),G12/((MAX(B:B)-MIN(B:B))*2),0) -> 0 | E12: Nei | F12: =IF(OR(E12="JA",E12="Ikke Planlagt"),G12/((MAX(B:B)-MIN(B:B))*2),0) -> 0 | G12: =B11-B12 -> 390 | H12: Må utføres på utgående spor | I12: TM
A13: R0620 | B13: 6210 | C13: Nei | D13: =IF(OR(C13="JA",C13="Ikke Planlagt"),G13/((MAX(B:B)-MIN(B:B))*2),0) -> 0 | E13: Nei | F13: =IF(OR(E13="JA",E13="Ikke Planlagt"),G13/((MAX(B:B)-MIN(B:B))*2),0) -> 0 | G13: =B12-B13 -> 70 | H13: Må utføres på utgående spor | I13: TM
A14: Hovseter | B14: 6080 | C14: Nei | D14: =IF(OR(C14="JA",C14="Ikke Planlagt"),G14/((MAX(B:B)-MIN(B:B))*2),0) -> 0 | E14: Nei | F14: =IF(OR(E14="JA",E14="Ikke Planlagt"),G14/((MAX(B:B)-MIN(B:B))*2),0) -> 0 | G14: =B13-B14 -> 130 | I14: TM
A15: Holmen | B15: 5330 | C15: Nei | D15: =IF(OR(C15="JA",C15="Ikke Planlagt"),G15/((MAX(B:B)-MIN(B:B))*2),0) -> 0 | E15: Nei | F15: =IF(OR(E15="JA",E15="Ikke Planlagt"),G15/((MAX(B:B)-MIN(B:B))*2),0) -> 0 | G15: =B14-B15 -> 750
A16: R0507 | B16: 5010 | C16: Nei | D16: =IF(OR(C16="JA",C16="Ikke Planlagt"),G16/((MAX(B:B)-MIN(B:B))*2),0) -> 0 | E16: Nei | F16: =IF(OR(E16="JA",E16="Ikke Planlagt"),G16/((MAX(B:B)-MIN(B:B))*2),0) -> 0 | G16: =B15-B16 -> 320
A17: R0496 | B17: 4860 | C17: Nei | D17: =IF(OR(C17="JA",C17="Ikke Planlagt"),G17/((MAX(B:B)-MIN(B:B))*2),0) -> 0 | E17: Nei | F17: =IF(OR(E17="JA",E17="Ikke Planlagt"),G17/((MAX(B:B)-MIN(B:B))*2),0) -> 0 | G17: =B16-B17 -> 150
A18: Makrellbekken | B18: 4730 | C18: Nei | D18: =IF(OR(C18="JA",C18="Ikke Planlagt"),G18/((MAX(B:B)-MIN(B:B))*2),0) -> 0 | E18: Nei | F18: =IF(OR(E18="JA",E18="Ikke Planlagt"),G18/((MAX(B:B)-MIN(B:B))*2),0) -> 0 | G18: =B17-B18 -> 130
A19: Smestad | B19: 3980 | C19: Nei | D19: =IF(OR(C19="JA",C19="Ikke Planlagt"),G19/((MAX(B:B)-MIN(B:B))*2),0) -> 0 | E19: Nei | F19: =IF(OR(E19="JA",E19="Ikke Planlagt"),G19/((MAX(B:B)-MIN(B:B))*2),0) -> 0 | G19: =B18-B19 -> 750
A20: Borgen | B20: 3230 | C20: Nei | D20: =IF(OR(C20="JA",C20="Ikke Planlagt"),G20/((MAX(B:B)-MIN(B:B))*2),0) -> 0 | E20: Nei | F20: =IF(OR(E20="JA",E20="Ikke Planlagt"),G20/((MAX(B:B)-MIN(B:B))*2),0) -> 0 | G20: =B19-B20 -> 750
A21: R0319 | B21: 3090 | C21: Nei | D21: =IF(OR(C21="JA",C21="Ikke Planlagt"),G21/((MAX(B:B)-MIN(B:B))*2),0) -> 0 | E21: Nei | F21: =IF(OR(E21="JA",E21="Ikke Planlagt"),G21/((MAX(B:B)-MIN(B:B))*2),0) -> 0 | G21: =B20-B21 -> 140
A22: R0296 | B22: 3000 | C22: Nei | D22: =IF(OR(C22="JA",C22="Ikke Planlagt"),G22/((MAX(B:B)-MIN(B:B))*2),0) -> 0 | E22: Nei | F22: =IF(OR(E22="JA",E22="Ikke Planlagt"),G22/((MAX(B:B)-MIN(B:B))*2),0) -> 0 | G22: =B21-B22 -> 90
A23: C0236 | B23: 2370 | C23: Nei | D23: =IF(OR(C23="JA",C23="Ikke Planlagt"),G23/((MAX(B:B)-MIN(B:B))*2),0) -> 0 | E23: Nei | F23: =IF(OR(E23="JA",E23="Ikke Planlagt"),G23/((MAX(B:B)-MIN(B:B))*2),0) -> 0 | G23: =B22-B23 -> 630
A24: C0237 | B24: 2360 | C24: Nei | D24: =IF(OR(C24="JA",C24="Ikke Planlagt"),G24/((MAX(B:B)-MIN(B:B))*2),0) -> 0 | E24: Nei | F24: =IF(OR(E24="JA",E24="Ikke Planlagt"),G24/((MAX(B:B)-MIN(B:B))*2),0) -> 0 | G24: =B23-B24 -> 10

Sheet KOLSÅSBANEN
A1: Kolsåsbanen | B1: Inngående sport | E1: Utgående sport
A2: Navn | B2: Meter fra Nationaltheatret | C2: Ferdig1 | D2: % Ferdig1 | E2: Ferdig2 | F2: % Ferdig2 | G2: Meter mellom objekter | H2: Kommentar | I2: Signert | J2: Total prosent ferdig
A3: Kolsås | B3: 16270 | C3: Nei | D3: 0 | E3: Nei | F3: 0 | G3: 0 | J3: =(J5+J7)/2 -> 0
A4: K1619 | B4: 16190 | C4: Nei | D4: =IF(OR(C4="JA",C4="Ikke Planlagt"),G4/((MAX(B:B)-MIN(B:B))*2),0) -> 0 | E4: Nei | F4: =IF(OR(E4="JA",E4="Ikke Planlagt"),G4/((MAX(B:B)-MIN(B:B))*2),0) -> 0 | G4: =B3-B4 -> 80 | J4: Total prosent inn
A5: K1612 | B5: 16120 | C5: Nei | D5: =IF(OR(C5="JA",C5="Ikke Planlagt"),G5/((MAX(B:B)-MIN(B:B))*2),0) -> 0 | E5: Nei | F5: =IF(OR(E5="JA",E5="Ikke Planlagt"),G5/((MAX(B:B)-MIN(B:B))*2),0) -> 0 | G5: =B4-B5 -> 70 | J5: =SUM(D3:D100)*2 -> 0
A6: Hauger | B6: 15830 | C6: Nei | D6: =IF(OR(C6="JA",C6="Ikke Planlagt"),G6/((MAX(B:B)-MIN(B:B))*2),0) -> 0 | E6: Nei | F6: =IF(OR(E6="JA",E6="Ikke Planlagt"),G6/((MAX(B:B)-MIN(B:B))*2),0) -> 0 | G6: =B5-B6 -> 290 | J6: Total prosent ut
A7: Gjettum | B7: 14280 | C7: Nei | D7: =IF(OR(C7="JA",C7="Ikke Planlagt"),G7/((MAX(B:B)-MIN(B:B))*2),0) -> 0 | E7: Nei | F7: =IF(OR(E7="JA",E7="Ikke Planlagt"),G7/((MAX(B:B)-MIN(B:B))*2),0) -> 0 | G7: =B6-B7 -> 1550 | J7: =SUM(F3:F100)*2 -> 0
A8: K1348 | B8: 13480 | C8: Nei | D8: =IF(OR(C8="JA",C8="Ikke Planlagt"),G8/((MAX(B:B)-MIN(B:B))*2),0) -> 0 | E8: Nei | F8: =IF(OR(E8="JA",E8="Ikke Planlagt"),G8/((MAX(B:B)-MIN(B:B))*2),0) -> 0 | G8: =B7-B8 -> 800 | J8: Total km gått
A9: Avløs | B9: 13160 | C9: Nei | D9: =IF(OR(C9="JA",C9="Ikke Planlagt"),G9/((MAX(B:B)-MIN(B:B))*2),0) -> 0 | E9: Nei | F9: =IF(OR(E9="JA",E9="Ikke Planlagt"),G9/((MAX(B:B)-MIN(B:B))*2),0) -> 0 | G9: =B8-B9 -> 320 | J9: =(J5+J7)*J11/2 -> 0
A10: K1295 | B10: 12950 | C10: Nei | D10: =IF(OR(C10="JA",C10="Ikke Planlagt"),G10/((MAX(B:B)-MIN(B:B))*2),0) -> 0 | E10: Nei | F10: =IF(OR(E10="JA",E10="Ikke Planlagt"),G10/((MAX(B:B)-MIN(B:B))*2),0) -> 0 | G10: =B9-B10 -> 210 | J10: Total km
A11: K1289 | B11: 12890 | C11: Nei | D11: =IF(OR(C11="JA",C11="Ikke Planlagt"),G11/((MAX(B:B)-MIN(B:B))*2),0) -> 0 | E11: Nei | F11: =IF(OR(E11="JA",E11="Ikke Planlagt"),G11/((MAX(B:B)-MIN(B:B))*2),0) -> 0 | G11: =B10-B11 -> 60 | J11: =2*(MAX(B:B)-MIN(B:B))/1000 -> 23.62
A12: K1275 | B12: 12750 | C12: Nei | D12: =IF(OR(C12="JA",C12="Ikke Planlagt"),G12/((MAX(B:B)-MIN(B:B))*2),0) -> 0 | E12: Nei | F12: =IF(OR(E12="JA",E12="Ikke Planlagt"),G12/((MAX(B:B)-MIN(B:B))*2),0) -> 0 | G12: =B11-B12 -> 140
A13: K1268 | B13: 12680 | C13: Nei | D13: =IF(OR(C13="JA",C13="Ikke Planlagt"),G13/((MAX(B:B)-MIN(B:B))*2),0) -> 0 | E13: Nei | F13: =IF(OR(E13="JA",E13="Ikke Planlagt"),G13/((MAX(B:B)-MIN(B:B))*2),0) -> 0 | G13: =B12-B13 -> 70
A14: Haslum | B14: 12050 | C14: Nei | D14: =IF(OR(C14="JA",C14="Ikke Planlagt"),G14/((MAX(B:B)-MIN(B:B))*2),0) -> 0 | E14: Nei | F14: =IF(OR(E14="JA",E14="Ikke Planlagt"),G14/((MAX(B:B)-MIN(B:B))*2),0) -> 0 | G14: =B13-B14 -> 630
A15: Gjønnes | B15: 11150 | C15: Nei | D15: =IF(OR(C15="JA",C15="Ikke Planlagt"),G15/((MAX(B:B)-MIN(B:B))*2),0) -> 0 | E15: Nei | F15: =IF(OR(E15="JA",E15="Ikke Planlagt"),G15/((MAX(B:B)-MIN(B:B))*2),0) -> 0 | G15: =B14-B15 -> 900
A16: Bekkestua | B16: 10460 | C16: Nei | D16: =IF(OR(C16="JA",C16="Ikke Planlagt"),G16/((MAX(B:B)-MIN(B:B))*2),0) -> 0 | E16: Nei | F16: =IF(OR(E16="JA",E16="Ikke Planlagt"),G16/((MAX(B:B)-MIN(B:B))*2),0) -> 0 | G16: =B15-B16 -> 690
A17: K1022 | B17: 10220 | C17: Nei | D17: =IF(OR(C17="JA",C17="Ikke Planlagt"),G17/((MAX(B:B)-MIN(B:B))*2),0) -> 0 | E17: Nei | F17: =IF(OR(E17="JA",E17="Ikke Planlagt"),G17/((MAX(B:B)-MIN(B:B))*2),0) -> 0 | G17: =B16-B17 -> 240
A18: K1017 | B18: 10170 | C18: Nei | D18: =IF(OR(C18="JA",C18="Ikke Planlagt"),G18/((MAX(B:B)-MIN(B:B))*2),0) -> 0 | E18: Nei | F18: =IF(OR(E18="JA",E18="Ikke Planlagt"),G18/((MAX(B:B)-MIN(B:B))*2),0) -> 0 | G18: =B17-B18 -> 50
A19: K1016 | B19: 10160 | C19: Nei | D19: =IF(OR(C19="JA",C19="Ikke Planlagt"),G19/((MAX(B:B)-MIN(B:B))*2),0) -> 0 | E19: Nei | F19: =IF(OR(E19="JA",E19="Ikke Planlagt"),G19/((MAX(B:B)-MIN(B:B))*2),0) -> 0 | G19: =B18-B19 -> 10
A20: K1007 | B20: 10070 | C20: Nei | D20: =IF(OR(C20="JA",C20="Ikke Planlagt"),G20/((MAX(B:B)-MIN(B:B))*2),0) -> 0 | E20: Nei | F20: =IF(OR(E20="JA",E20="Ikke Planlagt"),G20/((MAX(B:B)-MIN(B:B))*2),0) -> 0 | G20: =B19-B20 -> 90
A21: K1004 | B21: 10040 | C21: Nei | D21: =IF(OR(C21="JA",C21="Ikke Planlagt"),G21/((MAX(B:B)-MIN(B:B))*2),0) -> 0 | E21: Nei | F21: =IF(OR(E21="JA",E21="Ikke Planlagt"),G21/((MAX(B:B)-MIN(B:B))*2),0) -> 0 | G21: =B20-B21 -> 30
A22: Ringstabekk | B22: 9560 | C22: Nei | D22: =IF(OR(C22="JA",C22="Ikke Planlagt"),G22/((MAX(B:B)-MIN(B:B))*2),0) -> 0 | E22: Nei | F22: =IF(OR(E22="JA",E22="Ikke Planlagt"),G22/((MAX(B:B)-MIN(B:B))*2),0) -> 0 | G22: =B21-B22 -> 480
A23: K0872 | B23: 8720 | C23: Nei | D23: =IF(OR(C23="JA",C23="Ikke Planlagt"),G23/((MAX(B:B)-MIN(B:B))*2),0) -> 0 | E23: Nei | F23: =IF(OR(E23="JA",E23="Ikke Planlagt"),G23/((MAX(B:B)-MIN(B:B))*2),0) -> 0 | G23: =B22-B23 -> 840
... A40: K0448 | B40: 4460 | C40: Nei | D40: =IF(OR(C40="JA",C40="Ikke Planlagt"),G40/((MAX(B:B)-MIN(B:B))*2),0) -> 0 | E40: Nei | F40: =IF(OR(E40="JA",E40="Ikke Planlagt"),G40/((MAX(B:B)-MIN(B:B))*2),0) -> 0 | G40: =B39-B40 -> 0

Sheet GRORUDBANEN
A1: Grorudbanen | B1: Inngående sport | E1: Utgående sport
A2: Navn | B2: Meter fra Nationaltheatret | C2: Ferdig1 | D2: % Ferdig1 | E2: Ferdig2 | F2: % Ferdig2 | G2: Meter mellom objekter | H2: Kommentar | I2: Signert | J2: Total prosent ferdig
A3: G1561 | B3: 15750 | C3: Nei | D3: 0 | E3: Nei | F3: 0 | G3: 0 | J3: =(J5+J7)/2 -> 0
A4: G1560 | B4: 15700 | C4: Nei | D4: =IF(OR(C4="JA",C4="Ikke Planlagt"),G4/((MAX(B:B)-MIN(B:B))*2),0) -> 0 | E4: Nei | F4: =IF(OR(E4="JA",E4="Ikke Planlagt"),G4/((MAX(B:B)-MIN(B:B))*2),0) -> 0 | G4: =B3-B4 -> 50 | J4: Total prosent inn
A5: Vestli | B5: 15670 | C5: Nei | D5: =IF(OR(C5="JA",C5="Ikke Planlagt"),G5/((MAX(B:B)-MIN(B:B))*2),0) -> 0 | E5: Nei | F5: =IF(OR(E5="JA",E5="Ikke Planlagt"),G5/((MAX(B:B)-MIN(B:B))*2),0) -> 0 | G5: =B4-B5 -> 30 | J5: =SUM(D3:D100)*2 -> 0
A6: G1558 | B6: 15410 | C6: Nei | D6: =IF(OR(C6="JA",C6="Ikke Planlagt"),G6/((MAX(B:B)-MIN(B:B))*2),0) -> 0 | E6: Nei | F6: =IF(OR(E6="JA",E6="Ikke Planlagt"),G6/((MAX(B:B)-MIN(B:B))*2),0) -> 0 | G6: =B5-B6 -> 260 | J6: Total prosent ut
A7: Stovner | B7: 14340 | C7: Nei | D7: =IF(OR(C7="JA",C7="Ikke Planlagt"),G7/((MAX(B:B)-MIN(B:B))*2),0) -> 0 | E7: Nei | F7: =IF(OR(E7="JA",E7="Ikke Planlagt"),G7/((MAX(B:B)-MIN(B:B))*2),0) -> 0 | G7: =B6-B7 -> 1070 | J7: =SUM(F3:F100)*2 -> 0
A8: Rommen | B8: 13590 | C8: Nei | D8: =IF(OR(C8="JA",C8="Ikke Planlagt"),G8/((MAX(B:B)-MIN(B:B))*2),0) -> 0 | E8: Nei | F8: =IF(OR(E8="JA",E8="Ikke Planlagt"),G8/((MAX(B:B)-MIN(B:B))*2),0) -> 0 | G8: =B7-B8 -> 750 | J8: Total km gått
A9: Romsås | B9: 12620 | C9: Nei | D9: =IF(OR(C9="JA",C9="Ikke Planlagt"),G9/((MAX(B:B)-MIN(B:B))*2),0) -> 0 | E9: Nei | F9: =IF(OR(E9="JA",E9="Ikke Planlagt"),G9/((MAX(B:B)-MIN(B:B))*2),0) -> 0 | G9: =B8-B9 -> 970 | J9: =(J5+J7)*J11/2 -> 0
A10: G1201 | B10: 12070 | C10: Nei | D10: =IF(OR(C10="JA",C10="Ikke Planlagt"),G10/((MAX(B:B)-MIN(B:B))*2),0) -> 0 | E10: Nei | F10: =IF(OR(E10="JA",E10="Ikke Planlagt"),G10/((MAX(B:B)-MIN(B:B))*2),0) -> 0 | G10: =B9-B10 -> 550 | J10: Total km
A11: G1200 | B11: 11940 | C11: Nei | D11: =IF(OR(C11="JA",C11="Ikke Planlagt"),G11/((MAX(B:B)-MIN(B:B))*2),0) -> 0 | E11: Nei | F11: =IF(OR(E11="JA",E11="Ikke Planlagt"),G11/((MAX(B:B)-MIN(B:B))*2),0) -> 0 | G11: =B10-B11 -> 130 | J11: =2*(MAX(B:B)-MIN(B:B))/1000 -> 26.04
A12: Grorud | B12: 11930 | C12: Nei | D12: =IF(OR(C12="JA",C12="Ikke Planlagt"),G12/((MAX(B:B)-MIN(B:B))*2),0) -> 0 | E12: Nei | F12: =IF(OR(E12="JA",E12="Ikke Planlagt"),G12/((MAX(B:B)-MIN(B:B))*2),0) -> 0 | G12: =B11-B12 -> 10
A13: Ammerud | B13: 11180 | C13: Nei | D13: =IF(OR(C13="JA",C13="Ikke Planlagt"),G13/((MAX(B:B)-MIN(B:B))*2),0) -> 0 | E13: Nei | F13: =IF(OR(E13="JA",E13="Ikke Planlagt"),G13/((MAX(B:B)-MIN(B:B))*2),0) -> 0 | G13: =B12-B13 -> 750
A14: Kalbakken | B14: 10790 | C14: Nei | D14: =IF(OR(C14="JA",C14="Ikke Planlagt"),G14/((MAX(B:B)-MIN(B:B))*2),0) -> 0 | E14: Nei | F14: =IF(OR(E14="JA",E14="Ikke Planlagt"),G14/((MAX(B:B)-MIN(B:B))*2),0) -> 0 | G14: =B13-B14 -> 390
A15: Rødtvet | B15: 10160 | C15: Nei | D15: =IF(OR(C15="JA",C15="Ikke Planlagt"),G15/((MAX(B:B)-MIN(B:B))*2),0) -> 0 | E15: Nei | F15: =IF(OR(E15="JA",E15="Ikke Planlagt"),G15/((MAX(B:B)-MIN(B:B))*2),0) -> 0 | G15: =B14-B15 -> 630
A16: G0935 | B16: 9380 | C16: Nei | D16: =IF(OR(C16="JA",C16="Ikke Planlagt"),G16/((MAX(B:B)-MIN(B:B))*2),0) -> 0 | E16: Nei | F16: =IF(OR(E16="JA",E16="Ikke Planlagt"),G16/((MAX(B:B)-MIN(B:B))*2),0) -> 0 | G16: =B15-B16 -> 780
A17: G0936 | B17: 9380 | C17: Nei | D17: =IF(OR(C17="JA",C17="Ikke Planlagt"),G17/((MAX(B:B)-MIN(B:B))*2),0) -> 0 | E17: Nei | F17: =IF(OR(E17="JA",E17="Ikke Planlagt"),G17/((MAX(B:B)-MIN(B:B))*2),0) -> 0 | G17: =B16-B17 -> 0
A18: G0915 | B18: 9140 | C18: Nei | D18: =IF(OR(C18="JA",C18="Ikke Planlagt"),G18/((MAX(B:B)-MIN(B:B))*2),0) -> 0 | E18: Nei | F18: =IF(OR(E18="JA",E18="Ikke Planlagt"),G18/((MAX(B:B)-MIN(B:B))*2),0) -> 0 | G18: =B17-B18 -> 240
A19: G0916 | B19: 9140 | C19: Nei | D19: =IF(OR(C19="JA",C19="Ikke Planlagt"),G19/((MAX(B:B)-MIN(B:B))*2),0) -> 0 | E19: Nei | F19: =IF(OR(E19="JA",E19="Ikke Planlagt"),G19/((MAX(B:B)-MIN(B:B))*2),0) -> 0 | G19: =B18-B19 -> 0
A20: Veitvet | B20: 9080 | C20: Nei | D20: =IF(OR(C20="JA",C20="Ikke Planlagt"),G20/((MAX(B:B)-MIN(B:B))*2),0) -> 0 | E20: Nei | F20: =IF(OR(E20="JA",E20="Ikke Planlagt"),G20/((MAX(B:B)-MIN(B:B))*2),0) -> 0 | G20: =B19-B20 -> 60
A21: Linderud | B21: 8440 | C21: Nei | D21: =IF(OR(C21="JA",C21="Ikke Planlagt"),G21/((MAX(B:B)-MIN(B:B))*2),0) -> 0 | E21: Nei | F21: =IF(OR(E21="JA",E21="Ikke Planlagt"),G21/((MAX(B:B)-MIN(B:B))*2),0) -> 0 | G21: =B20-B21 -> 640
A22: G0721 | B22: 7970 | C22: Nei | D22: =IF(OR(C22="JA",C22="Ikke Planlagt"),G22/((MAX(B:B)-MIN(B:B))*2),0) -> 0 | E22: Nei | F22: =IF(OR(E22="JA",E22="Ikke Planlagt"),G22/((MAX(B:B)-MIN(B:B))*2),0) -> 0 | G22: =B21-B22 -> 470
A23: G0720 | B23: 7800 | C23: Nei | D23: =IF(OR(C23="JA",C23="Ikke Planlagt"),G23/((MAX(B:B)-MIN(B:B))*2),0) -> 0 | E23: Nei | F23: =IF(OR(E23="JA",E23="Ikke Planlagt"),G23/((MAX(B:B)-MIN(B:B))*2),0) -> 0 | G23: =B22-B23 -> 170
... A36: L0276 | B36: 2730 | C36: Nei | D36: =IF(OR(C36="JA",C36="Ikke Planlagt"),G36/((MAX(B:B)-MIN(B:B))*2),0) -> 0 | E36: Nei | F36: =IF(OR(E36="JA",E36="Ikke Planlagt"),G36/((MAX(B:B)-MIN(B:B))*2),0) -> 0 | G36: =B35-B36 -> 0

Sheet FURUSETBANEN
A1: Furusetbanen | B1: Inngående sport | E1: Utgående sport
A2: Navn | B2: Meter fra Nationaltheatret | C2: Ferdig1 | D2: % Ferdig1 | E2: Ferdig2 | F2: % Ferdig2 | G2: Meter mellom objekter | H2: Kommentar | I2: Signert | J2: Total prosent ferdig
A3: Ellingsrudåsen | B3: 13000 | C3: Nei | D3: 0 | E3: Nei | F3: 0 | G3: 0 | J3: =(J5+J7)/2 -> 0
A4: F1279 | B4: 12830 | C4: Nei | D4: =IF(OR(C4="JA",C4="Ikke Planlagt"),G4/((MAX(B:B)-MIN(B:B))*2),0) -> 0 | E4: Nei | F4: =IF(OR(E4="JA",E4="Ikke Planlagt"),G4/((MAX(B:B)-MIN(B:B))*2),0) -> 0 | G4: =B3-B4 -> 170 | J4: Total prosent inn
A5: F1278 | B5: 12760 | C5: Nei | D5: =IF(OR(C5="JA",C5="Ikke Planlagt"),G5/((MAX(B:B)-MIN(B:B))*2),0) -> 0 | E5: Nei | F5: =IF(OR(E5="JA",E5="Ikke Planlagt"),G5/((MAX(B:B)-MIN(B:B))*2),0) -> 0 | G5: =B4-B5 -> 70 | J5: =SUM(D3:D100)*2 -> 0
A6: Furuset | B6: 11720 | C6: Nei | D6: =IF(OR(C6="JA",C6="Ikke Planlagt"),G6/((MAX(B:B)-MIN(B:B))*2),0) -> 0 | E6: Nei | F6: =IF(OR(E6="JA",E6="Ikke Planlagt"),G6/((MAX(B:B)-MIN(B:B))*2),0) -> 0 | G6: =B5-B6 -> 1040 | J6: Total prosent ut
A7: F1154 | B7: 11520 | C7: Nei | D7: =IF(OR(C7="JA",C7="Ikke Planlagt"),G7/((MAX(B:B)-MIN(B:B))*2),0) -> 0 | E7: Nei | F7: =IF(OR(E7="JA",E7="Ikke Planlagt"),G7/((MAX(B:B)-MIN(B:B))*2),0) -> 0 | G7: =B6-B7 -> 200 | J7: =SUM(F3:F100)*2 -> 0
A8: F1155 | B8: 11520 | C8: Nei | D8: =IF(OR(C8="JA",C8="Ikke Planlagt"),G8/((MAX(B:B)-MIN(B:B))*2),0) -> 0 | E8: Nei | F8: =IF(OR(E8="JA",E8="Ikke Planlagt"),G8/((MAX(B:B)-MIN(B:B))*2),0) -> 0 | G8: =B7-B8 -> 0 | J8: Total km gått
A9: Lindeberg | B9: 10510 | C9: Nei | D9: =IF(OR(C9="JA",C9="Ikke Planlagt"),G9/((MAX(B:B)-MIN(B:B))*2),0) -> 0 | E9: Nei | F9: =IF(OR(E9="JA",E9="Ikke Planlagt"),G9/((MAX(B:B)-MIN(B:B))*2),0) -> 0 | G9: =B8-B9 -> 1010 | J9: =(J5+J7)*J11/2 -> 0
A10: F1033 | B10: 10390 | C10: Nei | D10: =IF(OR(C10="JA",C10="Ikke Planlagt"),G10/((MAX(B:B)-MIN(B:B))*2),0) -> 0 | E10: Nei | F10: =IF(OR(E10="JA",E10="Ikke Planlagt"),G10/((MAX(B:B)-MIN(B:B))*2),0) -> 0 | G10: =B9-B10 -> 120 | J10: Total km
A11: Trosterud | B11: 9330 | C11: Nei | D11: =IF(OR(C11="JA",C11="Ikke Planlagt"),G11/((MAX(B:B)-MIN(B:B))*2),0) -> 0 | E11: Nei | F11: =IF(OR(E11="JA",E11="Ikke Planlagt"),G11/((MAX(B:B)-MIN(B:B))*2),0) -> 0 | G11: =B10-B11 -> 1060 | J11: =2*(MAX(B:B)-MIN(B:B))/1000 -> 12.72
A12: Haugerud | B12: 8480 | C12: Nei | D12: =IF(OR(C12="JA",C12="Ikke Planlagt"),G12/((MAX(B:B)-MIN(B:B))*2),0) -> 0 | E12: Nei | F12: =IF(OR(E12="JA",E12="Ikke Planlagt"),G12/((MAX(B:B)-MIN(B:B))*2),0) -> 0 | G12: =B11-B12 -> 850
A13: Tveita | B13: 7330 | C13: Nei | D13: =IF(OR(C13="JA",C13="Ikke Planlagt"),G13/((MAX(B:B)-MIN(B:B))*2),0) -> 0 | E13: Nei | F13: =IF(OR(E13="JA",E13="Ikke Planlagt"),G13/((MAX(B:B)-MIN(B:B))*2),0) -> 0 | G13: =B12-B13 -> 1150
A14: F0711 | B14: 7100 | C14: Nei | D14: =IF(OR(C14="JA",C14="Ikke Planlagt"),G14/((MAX(B:B)-MIN(B:B))*2),0) -> 0 | E14: Nei | F14: =IF(OR(E14="JA",E14="Ikke Planlagt"),G14/((MAX(B:B)-MIN(B:B))*2),0) -> 0 | G14: =B13-B14 -> 230
A15: Ø0645/Ø0642 | B15: 6640 | C15: Nei | D15: =IF(OR(C15="JA",C15="Ikke Planlagt"),G15/((MAX(B:B)-MIN(B:B))*2),0) -> 0 | E15: Nei | F15: =IF(OR(E15="JA",E15="Ikke Planlagt"),G15/((MAX(B:B)-MIN(B:B))*2),0) -> 0 | G15: =B14-B15 -> 460

Sheet ØSTENSJØBANEN
A1: Østensjøbanen | B1: Inngående sport | E1: Utgående sport
A2: Navn | B2: Meter fra Nationaltheatret | C2: Ferdig1 | D2: % Ferdig1 | E2: Ferdig2 | F2: % Ferdig2 | G2: Meter mellom objekter | H2: Kommentar | I2: Signert | J2: Total prosent ferdig
A3: Ø1448 | B3: 14510 | C3: Nei | D3: 0 | E3: Nei | F3: 0 | G3: 0 | J3: =(J5+J7)/2 -> 0
A4: Ø1449 | B4: 14470 | C4: Nei | D4: =IF(OR(C4="JA",C4="Ikke Planlagt"),G4/((MAX(B:B)-MIN(B:B))*2),0) -> 0 | E4: Nei | F4: =IF(OR(E4="JA",E4="Ikke Planlagt"),G4/((MAX(B:B)-MIN(B:B))*2),0) -> 0 | G4: =B3-B4 -> 40 | J4: Total prosent inn
A5: Mortensrud | B5: 14340 | C5: Nei | D5: =IF(OR(C5="JA",C5="Ikke Planlagt"),G5/((MAX(B:B)-MIN(B:B))*2),0) -> 0 | E5: Nei | F5: =IF(OR(E5="JA",E5="Ikke Planlagt"),G5/((MAX(B:B)-MIN(B:B))*2),0) -> 0 | G5: =B4-B5 -> 130 | J5: =SUM(D3:D100)*2 -> 0
A6: Ø1432 | B6: 14330 | C6: Nei | D6: =IF(OR(C6="JA",C6="Ikke Planlagt"),G6/((MAX(B:B)-MIN(B:B))*2),0) -> 0 | E6: Nei | F6: =IF(OR(E6="JA",E6="Ikke Planlagt"),G6/((MAX(B:B)-MIN(B:B))*2),0) -> 0 | G6: =B5-B6 -> 10 | J6: Total prosent ut
A7: Æ1431 | B7: 14270 | C7: Nei | D7: =IF(OR(C7="JA",C7="Ikke Planlagt"),G7/((MAX(B:B)-MIN(B:B))*2),0) -> 0 | E7: Nei | F7: =IF(OR(E7="JA",E7="Ikke Planlagt"),G7/((MAX(B:B)-MIN(B:B))*2),0) -> 0 | G7: =B6-B7 -> 60 | J7: =SUM(F3:F100)*2 -> 0
A8: Skullerud | B8: 12030 | C8: Nei | D8: =IF(OR(C8="JA",C8="Ikke Planlagt"),G8/((MAX(B:B)-MIN(B:B))*2),0) -> 0 | E8: Nei | F8: =IF(OR(E8="JA",E8="Ikke Planlagt"),G8/((MAX(B:B)-MIN(B:B))*2),0) -> 0 | G8: =B7-B8 -> 2240 | J8: Total km gått
A9: Ø1151 | B9: 11540 | C9: Nei | D9: =IF(OR(C9="JA",C9="Ikke Planlagt"),G9/((MAX(B:B)-MIN(B:B))*2),0) -> 0 | E9: Nei | F9: =IF(OR(E9="JA",E9="Ikke Planlagt"),G9/((MAX(B:B)-MIN(B:B))*2),0) -> 0 | G9: =B8-B9 -> 490 | J9: =(J5+J7)*J11/2 -> 0
A10: Ø1144 | B10: 11430 | C10: Nei | D10: =IF(OR(C10="JA",C10="Ikke Planlagt"),G10/((MAX(B:B)-MIN(B:B))*2),0) -> 0 | E10: Nei | F10: =IF(OR(E10="JA",E10="Ikke Planlagt"),G10/((MAX(B:B)-MIN(B:B))*2),0) -> 0 | G10: =B9-B10 -> 110 | J10: Total km
A11: Bogerud | B11: 10960 | C11: Nei | D11: =IF(OR(C11="JA",C11="Ikke Planlagt"),G11/((MAX(B:B)-MIN(B:B))*2),0) -> 0 | E11: Nei | F11: =IF(OR(E11="JA",E11="Ikke Planlagt"),G11/((MAX(B:B)-MIN(B:B))*2),0) -> 0 | G11: =B10-B11 -> 470 | J11: =2*(MAX(B:B)-MIN(B:B))/1000 -> 19.42
A12: Bøler | B12: 9940 | C12: Nei | D12: =IF(OR(C12="JA",C12="Ikke Planlagt"),G12/((MAX(B:B)-MIN(B:B))*2),0) -> 0 | E12: Nei | F12: =IF(OR(E12="JA",E12="Ikke Planlagt"),G12/((MAX(B:B)-MIN(B:B))*2),0) -> 0 | G12: =B11-B12 -> 1020
A13: Ulsrud | B13: 9210 | C13: Nei | D13: =IF(OR(C13="JA",C13="Ikke Planlagt"),G13/((MAX(B:B)-MIN(B:B))*2),0) -> 0 | E13: Nei | F13: =IF(OR(E13="JA",E13="Ikke Planlagt"),G13/((MAX(B:B)-MIN(B:B))*2),0) -> 0 | G13: =B12-B13 -> 730
A14: Oppsal | B14: 8520 | C14: Nei | D14: =IF(OR(C14="JA",C14="Ikke Planlagt"),G14/((MAX(B:B)-MIN(B:B))*2),0) -> 0 | E14: Nei | F14: =IF(OR(E14="JA",E14="Ikke Planlagt"),G14/((MAX(B:B)-MIN(B:B))*2),0) -> 0 | G14: =B13-B14 -> 690
A15: Skøyenåsen | B15: 7790 | C15: Nei | D15: =IF(OR(C15="JA",C15="Ikke Planlagt"),G15/((MAX(B:B)-MIN(B:B))*2),0) -> 0 | E15: Nei | F15: =IF(OR(E15="JA",E15="Ikke Planlagt"),G15/((MAX(B:B)-MIN(B:B))*2),0) -> 0 | G15: =B14-B15 -> 730
A16: Ø0706 | B16: 7100 | C16: Nei | D16: =IF(OR(C16="JA",C16="Ikke Planlagt"),G16/((MAX(B:B)-MIN(B:B))*2),0) -> 0 | E16: Nei | F16: =IF(OR(E16="JA",E16="Ikke Planlagt"),G16/((MAX(B:B)-MIN(B:B))*2),0) -> 0 | G16: =B15-B16 -> 690
A17: Ø0705 | B17: 7000 | C17: Nei | D17: =IF(OR(C17="JA",C17="Ikke Planlagt"),G17/((MAX(B:B)-MIN(B:B))*2),0) -> 0 | E17: Nei | F17: =IF(OR(E17="JA",E17="Ikke Planlagt"),G17/((MAX(B:B)-MIN(B:B))*2),0) -> 0 | G17: =B16-B17 -> 100
A18: Godlia | B18: 6880 | C18: Nei | D18: =IF(OR(C18="JA",C18="Ikke Planlagt"),G18/((MAX(B:B)-MIN(B:B))*2),0) -> 0 | E18: Nei | F18: =IF(OR(E18="JA",E18="Ikke Planlagt"),G18/((MAX(B:B)-MIN(B:B))*2),0) -> 0 | G18: =B17-B18 -> 120
A19: Hellerud | B19: 6320 | C19: Nei | D19: =IF(OR(C19="JA",C19="Ikke Planlagt"),G19/((MAX(B:B)-MIN(B:B))*2),0) -> 0 | E19: Nei | F19: =IF(OR(E19="JA",E19="Ikke Planlagt"),G19/((MAX(B:B)-MIN(B:B))*2),0) -> 0 | G19: =B18-B19 -> 560
A20: Brynseng | B20: 5100 | C20: Nei | D20: =IF(OR(C20="JA",C20="Ikke Planlagt"),G20/((MAX(B:B)-MIN(B:B))*2),0) -> 0 | E20: Nei | F20: =IF(OR(E20="JA",E20="Ikke Planlagt"),G20/((MAX(B:B)-MIN(B:B))*2),0) -> 0 | G20: =B19-B20 -> 1220
A21: L0475/L0474 | B21: 4800 | C21: Nei | D21: =IF(OR(C21="JA",C21="Ikke Planlagt"),G21/((MAX(B:B)-MIN(B:B))*2),0) -> 0 | E21: Nei | F21: =IF(OR(E21="JA",E21="Ikke Planlagt"),G21/((MAX(B:B)-MIN(B:B))*2),0) -> 0 | G21: =B20-B21 -> 300

Sheet LAMBERSETERBANEN
A1: Lamberseterbanen | B1: Inngående sport | E1: Utgående sport
A2: Navn | B2: Meter fra Nationaltheatret | C2: Ferdig1 | D2: % Ferdig1 | E2: Ferdig2 | F2: % Ferdig2 | G2: Meter mellom objekter | H2: Kommentar | I2: Signert | J2: Total prosent ferdig
A3: Bergkrystallen | B3: 11200 | C3: Nei | D3: 0 | E3: Nei | F3: 0 | G3: 0 | J3: =(J5+J7)/2 -> 0
A4: L1100 | B4: 11050 | C4: Nei | D4: =IF(OR(C4="JA",C4="Ikke Planlagt"),G4/((MAX(B:B)-MIN(B:B))*2),0) -> 0 | E4: Nei | F4: =IF(OR(E4="JA",E4="Ikke Planlagt"),G4/((MAX(B:B)-MIN(B:B))*2),0) -> 0 | G4: =B3-B4 -> 150 | J4: Total prosent inn
A5: L1101 | B5: 11000 | C5: Nei | D5: =IF(OR(C5="JA",C5="Ikke Planlagt"),G5/((MAX(B:B)-MIN(B:B))*2),0) -> 0 | E5: Nei | F5: =IF(OR(E5="JA",E5="Ikke Planlagt"),G5/((MAX(B:B)-MIN(B:B))*2),0) -> 0 | G5: =B4-B5 -> 50 | J5: =SUM(D3:D100)*2 -> 0
A6: Munkelia | B6: 10600 | C6: Nei | D6: =IF(OR(C6="JA",C6="Ikke Planlagt"),G6/((MAX(B:B)-MIN(B:B))*2),0) -> 0 | E6: Nei | F6: =IF(OR(E6="JA",E6="Ikke Planlagt"),G6/((MAX(B:B)-MIN(B:B))*2),0) -> 0 | G6: =B5-B6 -> 400 | J6: Total prosent ut
A7: Lambertseter | B7: 10000 | C7: Nei | D7: =IF(OR(C7="JA",C7="Ikke Planlagt"),G7/((MAX(B:B)-MIN(B:B))*2),0) -> 0 | E7: Nei | F7: =IF(OR(E7="JA",E7="Ikke Planlagt"),G7/((MAX(B:B)-MIN(B:B))*2),0) -> 0 | G7: =B6-B7 -> 600 | J7: =SUM(F3:F100)*2 -> 0
A8: L0952 | B8: 9500 | C8: Nei | D8: =IF(OR(C8="JA",C8="Ikke Planlagt"),G8/((MAX(B:B)-MIN(B:B))*2),0) -> 0 | E8: Nei | F8: =IF(OR(E8="JA",E8="Ikke Planlagt"),G8/((MAX(B:B)-MIN(B:B))*2),0) -> 0 | G8: =B7-B8 -> 500 | H8: Finnes ikke på kart | J8: Total km gått
A9: L0951 | B9: 9500 | C9: Nei | D9: =IF(OR(C9="JA",C9="Ikke Planlagt"),G9/((MAX(B:B)-MIN(B:B))*2),0) -> 0 | E9: Nei | F9: =IF(OR(E9="JA",E9="Ikke Planlagt"),G9/((MAX(B:B)-MIN(B:B))*2),0) -> 0 | G9: =B8-B9 -> 0 | H9: Finnes ikke på kart | J9: =(J5+J7)*J11/2 -> 0
A10: Karlsrud | B10: 9150 | C10: Nei | D10: =IF(OR(C10="JA",C10="Ikke Planlagt"),G10/((MAX(B:B)-MIN(B:B))*2),0) -> 0 | E10: Nei | F10: =IF(OR(E10="JA",E10="Ikke Planlagt"),G10/((MAX(B:B)-MIN(B:B))*2),0) -> 0 | G10: =B9-B10 -> 350 | J10: Total km
A11: Brattlikollen | B11: 8300 | C11: Nei | D11: =IF(OR(C11="JA",C11="Ikke Planlagt"),G11/((MAX(B:B)-MIN(B:B))*2),0) -> 0 | E11: Nei | F11: =IF(OR(E11="JA",E11="Ikke Planlagt"),G11/((MAX(B:B)-MIN(B:B))*2),0) -> 0 | G11: =B10-B11 -> 850 | J11: =2*(MAX(B:B)-MIN(B:B))/1000 -> 22.4
A12: L0749 | B12: 7500 | C12: Nei | D12: =IF(OR(C12="JA",C12="Ikke Planlagt"),G12/((MAX(B:B)-MIN(B:B))*2),0) -> 0 | E12: Nei | F12: =IF(OR(E12="JA",E12="Ikke Planlagt"),G12/((MAX(B:B)-MIN(B:B))*2),0) -> 0 | G12: =B11-B12 -> 800
A13: L0742 | B13: 7450 | C13: Nei | D13: =IF(OR(C13="JA",C13="Ikke Planlagt"),G13/((MAX(B:B)-MIN(B:B))*2),0) -> 0 | E13: Nei | F13: =IF(OR(E13="JA",E13="Ikke Planlagt"),G13/((MAX(B:B)-MIN(B:B))*2),0) -> 0 | G13: =B12-B13 -> 50
A14: L0740 | B14: 7450 | C14: Nei | D14: =IF(OR(C14="JA",C14="Ikke Planlagt"),G14/((MAX(B:B)-MIN(B:B))*2),0) -> 0 | E14: Nei | F14: =IF(OR(E14="JA",E14="Ikke Planlagt"),G14/((MAX(B:B)-MIN(B:B))*2),0) -> 0 | G14: =B13-B14 -> 0
A15: Ryen | B15: 7250 | C15: Nei | D15: =IF(OR(C15="JA",C15="Ikke Planlagt"),G15/((MAX(B:B)-MIN(B:B))*2),0) -> 0 | E15: Nei | F15: =IF(OR(E15="JA",E15="Ikke Planlagt"),G15/((MAX(B:B)-MIN(B:B))*2),0) -> 0 | G15: =B14-B15 -> 200
A16: L0713 | B16: 7200 | C16: Nei | D16: =IF(OR(C16="JA",C16="Ikke Planlagt"),G16/((MAX(B:B)-MIN(B:B))*2),0) -> 0 | E16: Nei | F16: =IF(OR(E16="JA",E16="Ikke Planlagt"),G16/((MAX(B:B)-MIN(B:B))*2),0) -> 0 | G16: =B15-B16 -> 50
A17: Manglerud | B17: 6750 | C17: Nei | D17: =IF(OR(C17="JA",C17="Ikke Planlagt"),G17/((MAX(B:B)-MIN(B:B))*2),0) -> 0 | E17: Nei | F17: =IF(OR(E17="JA",E17="Ikke Planlagt"),G17/((MAX(B:B)-MIN(B:B))*2),0) -> 0 | G17: =B16-B17 -> 450
A18: L0655 | B18: 6500 | C18: Nei | D18: =IF(OR(C18="JA",C18="Ikke Planlagt"),G18/((MAX(B:B)-MIN(B:B))*2),0) -> 0 | E18: Nei | F18: =IF(OR(E18="JA",E18="Ikke Planlagt"),G18/((MAX(B:B)-MIN(B:B))*2),0) -> 0 | G18: =B17-B18 -> 250 | H18: Finnes ikke på kart
A19: L0642 | B19: 6450 | C19: Nei | D19: =IF(OR(C19="JA",C19="Ikke Planlagt"),G19/((MAX(B:B)-MIN(B:B))*2),0) -> 0 | E19: Nei | F19: =IF(OR(E19="JA",E19="Ikke Planlagt"),G19/((MAX(B:B)-MIN(B:B))*2),0) -> 0 | G19: =B18-B19 -> 50 | H19: Finnes ikke på kart
A20: Høyenhall | B20: 5750 | C20: Nei | D20: =IF(OR(C20="JA",C20="Ikke Planlagt"),G20/((MAX(B:B)-MIN(B:B))*2),0) -> 0 | E20: Nei | F20: =IF(OR(E20="JA",E20="Ikke Planlagt"),G20/((MAX(B:B)-MIN(B:B))*2),0) -> 0 | G20: =B19-B20 -> 700
A21: Brynseng | B21: 5150 | C21: Nei | D21: =IF(OR(C21="JA",C21="Ikke Planlagt"),G21/((MAX(B:B)-MIN(B:B))*2),0) -> 0 | E21: Nei | F21: =IF(OR(E21="JA",E21="Ikke Planlagt"),G21/((MAX(B:B)-MIN(B:B))*2),0) -> 0 | G21: =B20-B21 -> 600
A22: L0471 | B22: 4750 | C22: Nei | D22: =IF(OR(C22="JA",C22="Ikke Planlagt"),G22/((MAX(B:B)-MIN(B:B))*2),0) -> 0 | E22: Nei | F22: =IF(OR(E22="JA",E22="Ikke Planlagt"),G22/((MAX(B:B)-MIN(B:B))*2),0) -> 0 | G22: =B21-B22 -> 400
A23: L0470 | B23: 4750 | C23: Nei | D23: =IF(OR(C23="JA",C23="Ikke Planlagt"),G23/((MAX(B:B)-MIN(B:B))*2),0) -> 0 | E23: Nei | F23: =IF(OR(E23="JA",E23="Ikke Planlagt"),G23/((MAX(B:B)-MIN(B:B))*2),0) -> 0 | G23: =B22-B23 -> 0
A24: L0453 | B24: 4750 | C24: Nei | D24: =IF(OR(C24="JA",C24="Ikke Planlagt"),G24/((MAX(B:B)-MIN(B:B))*2),0) -> 0 | E24: Nei | F24: =IF(OR(E24="JA",E24="Ikke Planlagt"),G24/((MAX(B:B)-MIN(B:B))*2),0) -> 0 | G24: =B23-B24 -> 0
A25: L0452 | B25: 4750 | C25: Nei | D25: =IF(OR(C25="JA",C25="Ikke Planlagt"),G25/((MAX(B:B)-MIN(B:B))*2),0) -> 0 | E25: Nei | F25: =IF(OR(E25="JA",E25="Ikke Planlagt"),G25/((MAX(B:B)-MIN(B:B))*2),0) -> 0 | G25: =B24-B25 -> 0
A26: Helsfyr | B26: 4350 | C26: Nei | D26: =IF(OR(C26="JA",C26="Ikke Planlagt"),G26/((MAX(B:B)-MIN(B:B))*2),0) -> 0 | E26: Nei | F26: =IF(OR(E26="JA",E26="Ikke Planlagt"),G26/((MAX(B:B)-MIN(B:B))*2),0) -> 0 | G26: =B25-B26 -> 400
A27: Ensjø | B27: 3550 | C27: Nei | D27: =IF(OR(C27="JA",C27="Ikke Planlagt"),G27/((MAX(B:B)-MIN(B:B))*2),0) -> 0 | E27: Nei | F27: =IF(OR(E27="JA",E27="Ikke Planlagt"),G27/((MAX(B:B)-MIN(B:B))*2),0) -> 0 | G27: =B26-B27 -> 800
A28: L0351 | B28: 3500 | C28: Nei | D28: =IF(OR(C28="JA",C28="Ikke Planlagt"),G28/((MAX(B:B)-MIN(B:B))*2),0) -> 0 | E28: Nei | F28: =IF(OR(E28="JA",E28="Ikke Planlagt"),G28/((MAX(B:B)-MIN(B:B))*2),0) -> 0 | G28: =B27-B28 -> 50
A29: L0350 | B29: 3500 | C29: Nei | D29: =IF(OR(C29="JA",C29="Ikke Planlagt"),G29/((MAX(B:B)-MIN(B:B))*2),0) -> 0 | E29: Nei | F29: =IF(OR(E29="JA",E29="Ikke Planlagt"),G29/((MAX(B:B)-MIN(B:B))*2),0) -> 0 | G29: =B28-B29 -> 0
A30: L0317 | B30: 3100 | C30: Nei | D30: =IF(OR(C30="JA",C30="Ikke Planlagt"),G30/((MAX(B:B)-MIN(B:B))*2),0) -> 0 | E30: Nei | F30: =IF(OR(E30="JA",E30="Ikke Planlagt"),G30/((MAX(B:B)-MIN(B:B))*2),0) -> 0 | G30: =B29-B30 -> 400
A31: Tøyen | B31: 2600 | C31: Nei | D31: =IF(OR(C31="JA",C31="Ikke Planlagt"),G31/((MAX(B:B)-MIN(B:B))*2),0) -> 0 | E31: Nei | F31: =IF(OR(E31="JA",E31="Ikke Planlagt"),G31/((MAX(B:B)-MIN(B:B))*2),0) -> 0 | G31: =B30-B31 -> 500
... A42: V0011 | B42: 500 | C42: Nei | D42: =IF(OR(C42="JA",C42="Ikke Planlagt"),G42/((MAX(B:B)-MIN(B:B))*2),0) -> 0 | E42: Nei | F42: =IF(OR(E42="JA",E42="Ikke Planlagt"),G42/((MAX(B:B)-MIN(B:B))*2),0) -> 0 | G42: =B41-B42 -> 0
A43: Nationalteateret | B43: 0 | C43: Nei | E43: Nei | F43: =IF(OR(E43="JA",E43="Ikke Planlagt"),G43/((MAX(B:B)-MIN(B:B))*2),0) -> 0 | G43: =B42-B43 -> 500

Sheet LØRENBANEN
A1: Lørenbanen | B1: Inngående sport | E1: Utgående sport
A2: Navn | B2: Meter fra Nationaltheatret | C2: Ferdig1 | D2: % Ferdig1 | E2: Ferdig2 | F2: % Ferdig2 | G2: Meter mellom objekter | H2: Kommentar | I2: Signert | J2: Total prosent ferdig
A3: G0571/G0570 | B3: 10536 | C3: Nei | D3: 0 | E3: Nei | F3: 0 | G3: 0 | J3: =(J5+J7)/2 -> 0
A4: D0979 | B4: 9800 | C4: Nei | D4: =IF(OR(C4="JA",C4="Ikke Planlagt"),G4/((MAX(B:B)-MIN(B:B))*2),0) -> 0 | E4: Nei | F4: =IF(OR(E4="JA",E4="Ikke Planlagt"),G4/((MAX(B:B)-MIN(B:B))*2),0) -> 0 | G4: =B3-B4 -> 736 | J4: Total prosent inn
A5: D0972 | B5: 9718 | C5: Nei | D5: =IF(OR(C5="JA",C5="Ikke Planlagt"),G5/((MAX(B:B)-MIN(B:B))*2),0) -> 0 | E5: Nei | F5: =IF(OR(E5="JA",E5="Ikke Planlagt"),G5/((MAX(B:B)-MIN(B:B))*2),0) -> 0 | G5: =B4-B5 -> 82 | J5: =SUM(D3:D100)*2 -> 0
A6: Løren | B6: 9382 | C6: Nei | D6: =IF(OR(C6="JA",C6="Ikke Planlagt"),G6/((MAX(B:B)-MIN(B:B))*2),0) -> 0 | E6: Nei | F6: =IF(OR(E6="JA",E6="Ikke Planlagt"),G6/((MAX(B:B)-MIN(B:B))*2),0) -> 0 | G6: =B5-B6 -> 336 | J6: Total prosent ut
A7: C0889 | B7: 8889 | C7: Nei | D7: =IF(OR(C7="JA",C7="Ikke Planlagt"),G7/((MAX(B:B)-MIN(B:B))*2),0) -> 0 | E7: Nei | F7: =IF(OR(E7="JA",E7="Ikke Planlagt"),G7/((MAX(B:B)-MIN(B:B))*2),0) -> 0 | G7: =B6-B7 -> 493 | J7: =SUM(F3:F100)*2 -> 0
A8: C0892 | B8: 8889 | C8: Nei | D8: =IF(OR(C8="JA",C8="Ikke Planlagt"),G8/((MAX(B:B)-MIN(B:B))*2),0) -> 0 | E8: Nei | F8: =IF(OR(E8="JA",E8="Ikke Planlagt"),G8/((MAX(B:B)-MIN(B:B))*2),0) -> 0 | G8: =B7-B8 -> 0 | J8: Total km gått
J9: =(J5+J7)*J11/2 -> 0
J10: Total km
J11: =2*(MAX(B:B)-MIN(B:B))/1000 -> 3.294

Sheet CENTRUMSBANEN
A1: Centrumsbanen | B1: Inngående sport | E1: Utgående sport
A2: Navn | B2: Meter fra Nationaltheatret | C2: Ferdig1 | D2: % Ferdig1 | E2: Ferdig2 | F2: % Ferdig2 | G2: Meter mellom objekter | H2: Kommentar | I2: Signert | J2: Total prosent ferdig
A3: G0396 | B3: 9870 | C3: Nei | D3: 0 | E3: Nei | F3: 0 | G3: 0 | J3: =(J5+J7)/2 -> 0
A4: G0409 | B4: 9870 | C4: Nei | D4: =IF(OR(C4="JA",C4="Ikke Planlagt"),G4/((MAX(B:B)-MIN(B:B))*2),0) -> 0 | E4: Nei | F4: =IF(OR(E4="JA",E4="Ikke Planlagt"),G4/((MAX(B:B)-MIN(B:B))*2),0) -> 0 | G4: =B3-B4 -> 0 | J4: Total prosent inn
A5: C0887/C0883 | B5: 8840 | C5: Nei | D5: =IF(OR(C5="JA",C5="Ikke Planlagt"),G5/((MAX(B:B)-MIN(B:B))*2),0) -> 0 | E5: Nei | F5: =IF(OR(E5="JA",E5="Ikke Planlagt"),G5/((MAX(B:B)-MIN(B:B))*2),0) -> 0 | G5: =B4-B5 -> 1030 | J5: =SUM(D3:D92)*2 -> 0
A6: C0878/C0882 | B6: 8820 | C6: Nei | D6: =IF(OR(C6="JA",C6="Ikke Planlagt"),G6/((MAX(B:B)-MIN(B:B))*2),0) -> 0 | E6: Nei | F6: =IF(OR(E6="JA",E6="Ikke Planlagt"),G6/((MAX(B:B)-MIN(B:B))*2),0) -> 0 | G6: =B5-B6 -> 20 | J6: Total prosent ut
A7: Sinsen | B7: 8510 | C7: Nei | D7: =IF(OR(C7="JA",C7="Ikke Planlagt"),G7/((MAX(B:B)-MIN(B:B))*2),0) -> 0 | E7: Nei | F7: =IF(OR(E7="JA",E7="Ikke Planlagt"),G7/((MAX(B:B)-MIN(B:B))*2),0) -> 0 | G7: =B6-B7 -> 310 | J7: =SUM(F3:F92)*2 -> 0
A8: C0805 | B8: 8020 | C8: Nei | D8: =IF(OR(C8="JA",C8="Ikke Planlagt"),G8/((MAX(B:B)-MIN(B:B))*2),0) -> 0 | E8: Nei | F8: =IF(OR(E8="JA",E8="Ikke Planlagt"),G8/((MAX(B:B)-MIN(B:B))*2),0) -> 0 | G8: =B7-B8 -> 490 | J8: Total km gått
A9: C0806 | B9: 8020 | C9: Nei | D9: =IF(OR(C9="JA",C9="Ikke Planlagt"),G9/((MAX(B:B)-MIN(B:B))*2),0) -> 0 | E9: Nei | F9: =IF(OR(E9="JA",E9="Ikke Planlagt"),G9/((MAX(B:B)-MIN(B:B))*2),0) -> 0 | G9: =B8-B9 -> 0 | J9: =(J5+J7)*J11/2 -> 0
A10: C0799 | B10: 8000 | C10: Nei | D10: =IF(OR(C10="JA",C10="Ikke Planlagt"),G10/((MAX(B:B)-MIN(B:B))*2),0) -> 0 | E10: Nei | F10: =IF(OR(E10="JA",E10="Ikke Planlagt"),G10/((MAX(B:B)-MIN(B:B))*2),0) -> 0 | G10: =B9-B10 -> 20 | J10: Total km
A11: C0798 | B11: 8000 | C11: Nei | D11: =IF(OR(C11="JA",C11="Ikke Planlagt"),G11/((MAX(B:B)-MIN(B:B))*2),0) -> 0 | E11: Nei | F11: =IF(OR(E11="JA",E11="Ikke Planlagt"),G11/((MAX(B:B)-MIN(B:B))*2),0) -> 0 | G11: =B10-B11 -> 0 | J11: =2*(MAX(B:B)-MIN(B:B))/1000 -> 19.48
A12: C0790 | B12: 7750 | C12: Nei | D12: =IF(OR(C12="JA",C12="Ikke Planlagt"),G12/((MAX(B:B)-MIN(B:B))*2),0) -> 0 | E12: Nei | F12: =IF(OR(E12="JA",E12="Ikke Planlagt"),G12/((MAX(B:B)-MIN(B:B))*2),0) -> 0 | G12: =B11-B12 -> 250
A13: C0781 | B13: 7750 | C13: Nei | D13: =IF(OR(C13="JA",C13="Ikke Planlagt"),G13/((MAX(B:B)-MIN(B:B))*2),0) -> 0 | E13: Nei | F13: =IF(OR(E13="JA",E13="Ikke Planlagt"),G13/((MAX(B:B)-MIN(B:B))*2),0) -> 0 | G13: =B12-B13 -> 0
A14: C0774 | B14: 7730 | C14: Nei | D14: =IF(OR(C14="JA",C14="Ikke Planlagt"),G14/((MAX(B:B)-MIN(B:B))*2),0) -> 0 | E14: Nei | F14: =IF(OR(E14="JA",E14="Ikke Planlagt"),G14/((MAX(B:B)-MIN(B:B))*2),0) -> 0 | G14: =B13-B14 -> 20
A15: C0773 | B15: 7730 | C15: Nei | D15: =IF(OR(C15="JA",C15="Ikke Planlagt"),G15/((MAX(B:B)-MIN(B:B))*2),0) -> 0 | E15: Nei | F15: =IF(OR(E15="JA",E15="Ikke Planlagt"),G15/((MAX(B:B)-MIN(B:B))*2),0) -> 0 | G15: =B14-B15 -> 0
A16: Storo | B16: 7690 | C16: Nei | D16: =IF(OR(C16="JA",C16="Ikke Planlagt"),G16/((MAX(B:B)-MIN(B:B))*2),0) -> 0 | E16: Nei | F16: =IF(OR(E16="JA",E16="Ikke Planlagt"),G16/((MAX(B:B)-MIN(B:B))*2),0) -> 0 | G16: =B15-B16 -> 40
A17: Nydalen | B17: 6740 | C17: Nei | D17: =IF(OR(C17="JA",C17="Ikke Planlagt"),G17/((MAX(B:B)-MIN(B:B))*2),0) -> 0 | E17: Nei | F17: =IF(OR(E17="JA",E17="Ikke Planlagt"),G17/((MAX(B:B)-MIN(B:B))*2),0) -> 0 | G17: =B16-B17 -> 950
A18: C0616/C0624 | B18: 6250 | C18: Nei | D18: =IF(OR(C18="JA",C18="Ikke Planlagt"),G18/((MAX(B:B)-MIN(B:B))*2),0) -> 0 | E18: Nei | F18: =IF(OR(E18="JA",E18="Ikke Planlagt"),G18/((MAX(B:B)-MIN(B:B))*2),0) -> 0 | G18: =B17-B18 -> 490
A19: C0609/C0615 | B19: 6100 | C19: Nei | D19: =IF(OR(C19="JA",C19="Ikke Planlagt"),G19/((MAX(B:B)-MIN(B:B))*2),0) -> 0 | E19: Nei | F19: =IF(OR(E19="JA",E19="Ikke Planlagt"),G19/((MAX(B:B)-MIN(B:B))*2),0) -> 0 | G19: =B18-B19 -> 150
A20: C0470/C0472 | B20: 4830 | C20: Nei | D20: =IF(OR(C20="JA",C20="Ikke Planlagt"),G20/((MAX(B:B)-MIN(B:B))*2),0) -> 0 | E20: Nei | F20: =IF(OR(E20="JA",E20="Ikke Planlagt"),G20/((MAX(B:B)-MIN(B:B))*2),0) -> 0 | G20: =B19-B20 -> 1270
A21: C0473/C0471 | B21: 4730 | C21: Nei | D21: =IF(OR(C21="JA",C21="Ikke Planlagt"),G21/((MAX(B:B)-MIN(B:B))*2),0) -> 0 | E21: Nei | F21: =IF(OR(E21="JA",E21="Ikke Planlagt"),G21/((MAX(B:B)-MIN(B:B))*2),0) -> 0 | G21: =B20-B21 -> 100
A22: Ullevål stadion | B22: 4630 | C22: Nei | D22: =IF(OR(C22="JA",C22="Ikke Planlagt"),G22/((MAX(B:B)-MIN(B:B))*2),0) -> 0 | E22: Nei | F22: =IF(OR(E22="JA",E22="Ikke Planlagt"),G22/((MAX(B:B)-MIN(B:B))*2),0) -> 0 | G22: =B21-B22 -> 100
A23: Forskningsparken | B23: 3900 | C23: Nei | D23: =IF(OR(C23="JA",C23="Ikke Planlagt"),G23/((MAX(B:B)-MIN(B:B))*2),0) -> 0 | E23: Nei | F23: =IF(OR(E23="JA",E23="Ikke Planlagt"),G23/((MAX(B:B)-MIN(B:B))*2),0) -> 0 | G23: =B22-B23 -> 730
... A35: Nationaltheatret | B35: 130 | C35: Nei | D35: =IF(OR(C35="JA",C35="Ikke Planlagt"),G35/((MAX(B:B)-MIN(B:B))*2),0) -> 0 | E35: Nei | F35: =IF(OR(E35="JA",E35="Ikke Planlagt"),G35/((MAX(B:B)-MIN(B:B))*2),0) -> 0 | G35: =B34-B35 -> 1900
